-- phpMyAdmin SQL Dump
-- version 5.2.1
-- https://www.phpmyadmin.net/
--
-- Host: 127.0.0.1
-- Generation Time: May 28, 2024 at 11:27 AM
-- Server version: 10.4.32-MariaDB
-- PHP Version: 8.2.12

SET SQL_MODE = "NO_AUTO_VALUE_ON_ZERO";
START TRANSACTION;
SET time_zone = "+00:00";


/*!40101 SET @OLD_CHARACTER_SET_CLIENT=@@CHARACTER_SET_CLIENT */;
/*!40101 SET @OLD_CHARACTER_SET_RESULTS=@@CHARACTER_SET_RESULTS */;
/*!40101 SET @OLD_COLLATION_CONNECTION=@@COLLATION_CONNECTION */;
/*!40101 SET NAMES utf8mb4 */;

--
-- Database: `cctv`
--

-- --------------------------------------------------------

--
-- Table structure for table `cctv`
--

CREATE TABLE `cctv` (
  `id` int(11) NOT NULL,
  `durable_no` varchar(15) NOT NULL,
  `durable_name` varchar(50) NOT NULL,
  `brand` varchar(50) NOT NULL,
  `model` varchar(50) DEFAULT NULL,
  `location` varchar(100) DEFAULT NULL,
  `monitor` varchar(30) NOT NULL,
  `floor` int(3) NOT NULL,
  `status` varchar(100) NOT NULL,
  `date_created` timestamp NOT NULL DEFAULT current_timestamp() ON UPDATE current_timestamp(),
  `date_updated` timestamp NOT NULL DEFAULT current_timestamp() ON UPDATE current_timestamp(),
  `ip` varchar(20) NOT NULL,
  `ping` int(3) NOT NULL DEFAULT 0,
  `count_ping` int(3) NOT NULL,
  `notify` int(3) NOT NULL DEFAULT 0
) ENGINE=InnoDB DEFAULT CHARSET=utf8mb4 COLLATE=utf8mb4_general_ci;

--
-- Dumping data for table `cctv`
--

INSERT INTO `cctv` (`id`, `durable_no`, `durable_name`, `brand`, `model`, `location`, `monitor`, `floor`, `status`, `date_created`, `date_updated`, `ip`, `ping`, `count_ping`, `notify`) VALUES
(1, '503-53-0056', 'กล้องโทรทัศน์วงจรปิด', 'FUJIKO FK-552', NULL, 'หอพักห้อง 306-307', 'FL.3-3', 14, '1', '2024-05-28 08:54:54', '2024-05-28 08:54:54', '', 1, 5, 1),
(2, '503-53-0057', 'กล้องโทรทัศน์วงจรปิด', 'FUJIKO FK-552', NULL, 'หอพักห้อง 330-331', 'FL.3-2', 14, '1', '2024-05-28 08:22:54', '2024-05-28 08:22:54', '', 1, 5, 1),
(3, '503-53-0058', 'กล้องโทรทัศน์วงจรปิด', 'FUJIKO FK-552', NULL, 'หอพักห้อง 347-348', 'FL.3-1', 14, '1', '2024-05-28 08:22:54', '2024-05-28 08:22:54', '', 1, 5, 1),
(4, '503-53-0059', 'กล้องโทรทัศน์วงจรปิด', 'FUJIKO FK-552', NULL, 'หอพักห้อง 405-406', 'FL.4-3', 15, '1', '2024-05-28 08:22:55', '2024-05-28 08:22:55', '', 1, 5, 1),
(5, '503-53-0060', 'กล้องโทรทัศน์วงจรปิด', 'FUJIKO FK-552', NULL, 'หอพักห้อง 429-430', 'FL.4-2', 15, '1', '2024-05-28 08:22:55', '2024-05-28 08:22:55', '', 1, 5, 1),
(6, '503-53-0061', 'กล้องโทรทัศน์วงจรปิด', 'FUJIKO FK-552', NULL, 'หอพักห้อง 455-456', 'FL.4-1', 15, '1', '2024-05-28 08:22:55', '2024-05-28 08:22:55', '', 1, 5, 1),
(7, '503-53-0062', 'กล้องโทรทัศน์วงจรปิด', 'FUJIKO  FK-600Y', NULL, 'หอพักห้อง 529-530', 'FL.5-3', 16, '4', '2024-05-28 08:22:56', '2024-05-28 08:22:56', '', 1, 5, 1),
(8, '503-53-0063', 'กล้องโทรทัศน์วงจรปิด', 'FUJIKO  FK-600Y', NULL, 'หอพักห้อง 539', 'FL.5-2', 16, '1', '2024-05-28 08:22:56', '2024-05-28 08:22:56', '', 1, 5, 1),
(9, '503-53-0064', 'กล้องโทรทัศน์วงจรปิด', 'FUJIKO  FK-600Y', NULL, 'หอพักห้อง 505-506', 'FL.5-1', 16, '1', '2024-05-28 08:22:57', '2024-05-28 08:22:57', '', 1, 5, 1),
(10, '503-53-0065', 'กล้องโทรทัศน์วงจรปิด', 'FUJIKO FK-552', NULL, 'หอพักบันไดทางขึ้น', 'FL.2', 12, '1', '2024-05-28 08:22:57', '2024-05-28 08:22:57', '', 1, 5, 1),
(11, '503-53-0066', 'กล้องโทรทัศน์วงจรปิด ', 'BOSCH', NULL, 'ชั้น B หน้าห้องช่าง คลังยา', 'FL.B/3', 1, '3', '2024-05-28 08:22:58', '2024-05-28 08:22:58', '', 1, 5, 1),
(12, '503-53-0067', 'กล้องโทรทัศน์วงจรปิด', 'BOSCH', NULL, 'ทางออกห้องไร้กังวล', 'FL.B/2', 1, '1', '2024-05-28 09:10:37', '2024-05-28 09:10:37', '', 1, 5, 1),
(13, '503-53-0068', 'กล้องโทรทัศน์วงจรปิด', 'BOSCH', NULL, 'หน้าห้องโภชนาการ', 'FL.B/1', 1, '1', '2024-05-28 08:22:58', '2024-05-28 08:22:58', '', 1, 5, 1),
(14, '503-53-0069', 'กล้องโทรทัศน์วงจรปิด', 'BOSCH', NULL, 'หน้าห้องทำแผล', 'FL.1/5', 2, '2', '2024-05-28 08:22:59', '2024-05-28 08:22:59', '', 1, 5, 1),
(15, '503-53-0070', 'กล้องโทรทัศน์วงจรปิด', 'BOSCH', NULL, 'หน้าห้องยานยนต์', 'FL.1/4', 2, '2', '2024-05-28 08:22:59', '2024-05-28 08:22:59', '', 1, 5, 1),
(16, '503-53-0071', 'กล้องโทรทัศน์วงจรปิด', 'BOSCH', NULL, 'เคาท์เตอร์เวชระเบียน', 'FL.1/1', 2, '1', '2024-05-28 08:23:00', '2024-05-28 08:23:00', '', 1, 5, 1),
(17, '503-53-0072', 'กล้องโทรทัศน์วงจรปิด', 'BOSCH', NULL, 'หน้าห้องจ่ายยา', 'FL.1/2', 2, '1', '2024-05-28 08:23:00', '2024-05-28 08:23:00', '', 1, 5, 1),
(18, '503-53-0073', 'กล้องโทรทัศน์วงจรปิด', 'BOSCH', NULL, 'หน้าห้องจ่ายกลาง', 'FL.2/1', 3, '2', '2024-05-28 08:23:01', '2024-05-28 08:23:01', '', 1, 5, 1),
(19, '503-53-0074', 'กล้องโทรทัศน์วงจรปิด', 'BOSCH', NULL, 'หน้าลิฟต์ 1-2', 'FL.2/2', 3, '2', '2024-05-28 08:23:01', '2024-05-28 08:23:01', '', 1, 5, 1),
(20, '503-53-0075', 'กล้องโทรทัศน์วงจรปิด', 'BOSCH', NULL, 'หน้าลิฟต์ 3-4', 'FL.3/2', 4, '2', '2024-05-28 08:23:01', '2024-05-28 08:23:01', '', 1, 5, 1),
(21, '503-53-0076', 'กล้องโทรทัศน์วงจรปิด', 'BOSCH', NULL, 'หน้าห้องการเงินผู้ป่วยใน', 'FL.3/1', 4, '1', '2024-05-28 08:23:02', '2024-05-28 08:23:02', '', 1, 5, 1),
(22, '503-53-0077', 'กล้องโทรทัศน์วงจรปิด', 'BOSCH', NULL, 'หน้าเนิสเซอรี่', 'FL.4/4', 5, '2', '2024-05-28 08:23:02', '2024-05-28 08:23:02', '', 1, 5, 1),
(23, '503-53-0078', 'กล้องโทรทัศน์วงจรปิด', 'BOSCH', NULL, 'หน้าลิฟต์ 1-2', 'FL.4/5', 5, '2', '2024-05-28 08:23:03', '2024-05-28 08:23:03', '', 1, 5, 1),
(24, '503-53-0079', 'กล้องโทรทัศน์วงจรปิด', 'BOSCH', NULL, 'หน้าลิฟต์3-4', 'FL.4/3', 5, '2', '2024-05-28 08:23:03', '2024-05-28 08:23:03', '', 1, 5, 1),
(25, '503-53-0080', 'กล้องโทรทัศน์วงจรปิด', 'BOSCH', NULL, 'หน้าห้อง 417-418', 'FL.4/2', 5, '2', '2024-05-28 08:23:04', '2024-05-28 08:23:04', '', 1, 5, 1),
(26, '503-53-0081', 'กล้องโทรทัศน์วงจรปิด', 'BOSCH', NULL, 'หน้าลิฟต์ 5-6', 'FL.4/1', 5, '2', '2024-05-28 08:23:04', '2024-05-28 08:23:04', '', 1, 5, 1),
(27, '503-53-0082', 'กล้องโทรทัศน์วงจรปิด', 'BOSCH', NULL, 'เคาท์เตอร์พยาบาล', 'FL.5/5', 6, '2', '2024-05-28 08:23:05', '2024-05-28 08:23:05', '', 1, 5, 1),
(28, '503-53-0083', 'กล้องโทรทัศน์วงจรปิด', 'BOSCH', NULL, 'หน้าลิฟต์ 1-2', 'FL.5/4', 6, '2', '2024-05-28 08:23:05', '2024-05-28 08:23:05', '', 1, 5, 1),
(29, '503-53-0084', 'กล้องโทรทัศน์วงจรปิด', 'BOSCH', NULL, 'หน้าลิฟต์ 3-4', 'FL.5/3', 6, '2', '2024-05-28 08:23:05', '2024-05-28 08:23:05', '', 1, 5, 1),
(30, '503-53-0085', 'กล้องโทรทัศน์วงจรปิด', 'BOSCH', NULL, 'หน้าห้อง 520-521', 'FL.5/2', 6, '2', '2024-05-28 08:23:06', '2024-05-28 08:23:06', '', 1, 5, 1),
(31, '503-53-0086', 'กล้องโทรทัศน์วงจรปิด', 'BOSCH', NULL, 'หน้าลิฟต์ 5-6', 'FL.5/1', 6, '2', '2024-05-28 08:23:06', '2024-05-28 08:23:06', '', 1, 5, 1),
(32, '503-53-0087', 'กล้องโทรทัศน์วงจรปิด', 'BOSCH', NULL, 'หน้าลิฟต์ 1-2', 'FL.6/5', 7, '2', '2024-05-28 08:23:07', '2024-05-28 08:23:07', '', 1, 5, 1),
(33, '503-53-0088', 'กล้องโทรทัศน์วงจรปิด', 'BOSCH', NULL, 'หน้าห้องศูนย์สิทธิ', 'FL.6/4', 7, '2', '2024-05-28 08:23:07', '2024-05-28 08:23:07', '', 1, 5, 1),
(34, '503-53-0089', 'กล้องโทรทัศน์วงจรปิด', 'BOSCH', NULL, 'หน้าลิฟต์ 3-4', 'FL.6/3', 7, '2', '2024-05-28 08:23:08', '2024-05-28 08:23:08', '', 1, 5, 1),
(35, '503-53-0090', 'กล้องโทรทัศน์วงจรปิด', 'BOSCH', NULL, 'หน้าห้อง 620-621', 'FL.6/2', 7, '2', '2024-05-28 08:23:08', '2024-05-28 08:23:08', '', 1, 5, 1),
(36, '503-53-0091', 'กล้องโทรทัศน์วงจรปิด', 'BOSCH', NULL, 'หน้าลิฟต์ 5-6', 'FL.6/1', 7, '2', '2024-05-28 08:23:08', '2024-05-28 08:23:08', '', 1, 5, 1),
(37, '503-53-0092', 'กล้องโทรทัศน์วงจรปิด', 'BOSCH', NULL, 'หน้าลิฟต์ 1-2', 'FL.7/4', 8, '2', '2024-05-28 08:23:09', '2024-05-28 08:23:09', '', 1, 5, 1),
(38, '503-53-0093', 'กล้องโทรทัศน์วงจรปิด', 'BOSCH', NULL, 'หน้าเคาท์เตอร์พยาบาล', 'FL.7/5', 8, '2', '2024-05-28 08:23:09', '2024-05-28 08:23:09', '', 1, 5, 1),
(39, '503-53-0094', 'กล้องโทรทัศน์วงจรปิด', 'BOSCH', NULL, 'หน้าลิฟต์ 3-4', 'FL.7/3', 8, '2', '2024-05-28 08:23:10', '2024-05-28 08:23:10', '', 1, 5, 1),
(40, '503-53-0095', 'กล้องโทรทัศน์วงจรปิด', 'BOSCH', NULL, 'หน้าห้อง 720-721', 'FL.7/2', 8, '2', '2024-05-28 08:23:10', '2024-05-28 08:23:10', '', 1, 5, 1),
(41, '503-53-0096', 'กล้องโทรทัศน์วงจรปิด', 'BOSCH', NULL, 'ชั้น 7 ลิฟต์ 5-6', 'FL.7/1', 8, '3', '2024-05-28 08:23:11', '2024-05-28 08:23:11', '', 1, 5, 1),
(42, '503-53-0097', 'กล้องโทรทัศน์วงจรปิด', 'BOSCH', NULL, 'เคาท์เตอร์พยาบาล', 'FL.8/4', 9, '1', '2024-05-28 08:23:11', '2024-05-28 08:23:11', '', 1, 5, 1),
(43, '503-53-0098', 'กล้องโทรทัศน์วงจรปิด', 'BOSCH', NULL, 'หน้าลิฟต์ 1-2', 'FL.8/5', 9, '1', '2024-05-28 08:23:12', '2024-05-28 08:23:12', '', 1, 5, 1),
(44, '503-53-0099', 'กล้องโทรทัศน์วงจรปิด', 'BOSCH', NULL, 'หน้าลิฟต์ 3-4', 'FL.8/3', 9, '1', '2024-05-28 08:23:12', '2024-05-28 08:23:12', '', 1, 5, 1),
(45, '503-53-0100', 'กล้องโทรทัศน์วงจรปิด', 'BOSCH ', NULL, 'หน้าห้อง 817-818', 'FL.8/2 ', 9, '1', '2024-05-28 08:23:13', '2024-05-28 08:23:13', '', 1, 5, 1),
(46, '503-53-0101', 'กล้องโทรทัศน์วงจรปิด', 'BOSCH', NULL, 'หน้าลิฟต์ 5-6', 'FL.8/1', 9, '1', '2024-05-28 08:23:14', '2024-05-28 08:23:14', '', 1, 5, 1),
(47, '503-53-0102', 'กล้องโทรทัศน์วงจรปิด', 'BOSCH', NULL, 'หน้าลิฟต์ 1-2', 'FL.9/5', 10, '1', '2024-05-28 08:23:14', '2024-05-28 08:23:14', '', 1, 5, 1),
(48, '503-53-0103', 'กล้องโทรทัศน์วงจรปิด', 'BOSCH', NULL, 'เคาท์เตอร์พยาบาล', 'FL.9/4', 10, '2', '2024-05-28 08:23:15', '2024-05-28 08:23:15', '', 1, 5, 1),
(49, '503-53-0104', 'กล้องโทรทัศน์วงจรปิด', 'BOSCH', NULL, 'หน้าลิฟต์ 3-4', 'FL.9/3', 10, '1', '2024-05-28 08:23:15', '2024-05-28 08:23:15', '', 1, 5, 1),
(50, '503-53-0105', 'กล้องโทรทัศน์วงจรปิด', 'BOSCH', NULL, 'หน้าห้อง 917-918', 'FL.9/2', 10, '1', '2024-05-28 08:23:16', '2024-05-28 08:23:16', '', 1, 5, 1),
(51, '503-53-0106', 'กล้องโทรทัศน์วงจรปิด', 'BOSCH', NULL, 'หน้าลิฟต์ 5-6', 'FL.9/1', 10, '1', '2024-05-28 08:23:16', '2024-05-28 08:23:16', '', 1, 5, 1),
(52, '503-53-0107', 'กล้องโทรทัศน์วงจรปิด', 'BOSCH', NULL, 'เคาท์เตอร์พยาบาล', 'FL.10/4', 11, '2', '2024-05-28 08:23:17', '2024-05-28 08:23:17', '', 1, 5, 1),
(53, '503-53-0108', 'กล้องโทรทัศน์วงจรปิด', 'BOSCH', NULL, 'ชั้น 10 ลิฟต์ 3-4', 'FL.10/3', 11, '3', '2024-05-28 08:23:17', '2024-05-28 08:23:17', '', 1, 5, 1),
(54, '503-53-0109', 'กล้องโทรทัศน์วงจรปิด', 'BOSCH', NULL, 'ห้อง 1014-1015', 'FL.10/2', 11, '1', '2024-05-28 08:23:18', '2024-05-28 08:23:18', '', 1, 5, 1),
(55, '503-53-0110', 'กล้องโทรทัศน์วงจรปิด', 'BOSCH', NULL, 'หน้าลิฟต์ 5-6', 'FL.10/1', 11, '1', '2024-05-28 08:23:18', '2024-05-28 08:23:18', '', 1, 5, 1),
(56, '503-55-0133', 'กล้องอินฟาเรด ภาพสี', 'Watashi รุ่น WCI023A', NULL, 'คลังยา ', 'FL.B', 1, '1', '2024-05-28 08:23:18', '2024-05-28 08:23:18', '', 1, 5, 1),
(57, '503-55-0134', 'กล้องโทรทัศน์วงจรปิด', 'Watashi รุ่น WCI023A', NULL, 'ห้องจ่ายยา', 'FL.G', 2, '1', '2024-05-28 08:23:19', '2024-05-28 08:23:19', '', 1, 5, 1),
(58, '503-55-0135', 'กล้องภาพสี', 'Watashi รุ่น WCD026', NULL, 'ห้องเวชภัณฑ์ ', 'FL.D', 18, '1', '2024-05-28 08:23:19', '2024-05-28 08:23:19', '', 1, 5, 1),
(59, '503-57-0379', 'กล้องโทรทัศน์วงจรปิด', ' Axis Q1604 (แบบก)', NULL, 'ประตูทางออก หน้า รพ.', '172.16.0.101', 17, '1', '2024-05-28 08:19:42', '2024-05-28 08:19:42', '172.16.0.101', 0, 0, 0),
(60, '503-57-0380', 'กล้องโทรทัศน์วงจรปิด ', 'Axis Q1604 (แบบก)', NULL, 'ประตูทางเข้า หน้า รพ.', '172.16.0.102', 17, '1', '2024-05-28 08:19:42', '2024-05-28 08:19:42', '172.16.0.102', 0, 0, 0),
(61, '503-57-0381', 'กล้องโทรทัศน์วงจรปิด ', 'Axis P1354 (แบบจ) ', NULL, 'ลานจอดจักรยาน หลัง 7-11', '172.16.0.103', 17, '1', '2024-05-28 08:19:42', '2024-05-28 08:19:42', '172.16.0.103', 0, 0, 0),
(62, '503-57-0382', 'กล้องโทรทัศน์วงจรปิด ', 'Axis P1354 (แบบจ)  ', NULL, 'หลังห้องผู้ป่วยรวมหญิง', '172.16.0.104', 17, '1', '2024-05-28 08:19:42', '2024-05-28 08:19:42', '172.16.0.104', 0, 0, 0),
(63, '503-57-0383', 'กล้องโทรทัศน์วงจรปิด ', 'Axis P1354 (แบบจ) ', NULL, 'หลังห้องผู้ป่วยรวมชายใกล้หม้อแปลง', '172.16.0.108', 17, '1', '2024-05-28 08:19:42', '2024-05-28 08:19:42', '172.16.0.108', 0, 0, 0),
(64, '503-57-0384', 'กล้องโทรทัศน์วงจรปิด ', 'Axis P1354 (แบบจ)', NULL, 'หลังกองสาธารณสุข', '172.16.0.109', 17, '1', '2024-05-28 08:19:42', '2024-05-28 08:19:42', '172.16.0.109', 0, 0, 0),
(65, '503-57-0385', 'กล้องโทรทัศน์วงจรปิด ', 'Axis P1354 (แบบจ) ', NULL, 'ด้านหลังศูนย์ควบคุม ระบบ CCTV', '172.16.0.110', 17, '1', '2024-05-28 08:19:42', '2024-05-28 08:19:42', '172.16.0.110', 0, 0, 0),
(66, '503-57-0386', 'กล้องโทรทัศน์วงจรปิด ', 'Axis P1354 (แบบจ)', NULL, 'เสาไฟฟ้า ลานจอดรถยนต์ด้านหลัง', '172.16.0.113', 17, '1', '2024-05-28 08:19:42', '2024-05-28 08:19:42', '172.16.0.113', 0, 0, 0),
(67, '503-57-0387', 'กล้องโทรทัศน์วงจรปิด ', 'Axis P1354 (แบบจ) ', NULL, 'ทางเข้าลานจอดรถด้านหลัง', '172.16.0.114', 17, '1', '2024-05-28 08:19:42', '2024-05-28 08:19:42', '172.16.0.114', 0, 0, 0),
(68, '503-57-0388', 'กล้องโทรทัศน์วงจรปิด ', 'Axis P1354 (แบบจ)', NULL, 'ทางเข้าลานจอดรถด้านหลัง ที่เก็บขยะ', '172.16.0.115', 17, '1', '2024-05-28 08:19:42', '2024-05-28 08:19:42', '172.16.0.115', 0, 0, 0),
(69, '503-57-0389', 'กล้องโทรทัศน์วงจรปิด ', 'Axis P1354 (แบบจ) ', NULL, 'ด้านซ้ายประตูเลื่อนทางเข้ารพ.', '172.16.0.116', 17, '1', '2024-05-28 08:19:42', '2024-05-28 08:19:42', '172.16.0.116', 0, 0, 0),
(70, '503-57-0390', 'กล้องโทรทัศน์วงจรปิด ', 'Axis P1354 (แบบจ) ', NULL, 'ตรงข้ามประตูเลื่อน รพ.', '172.16.0.117', 17, '1', '2024-05-28 08:19:42', '2024-05-28 08:19:42', '172.16.0.117', 0, 0, 0),
(71, '503-57-0391', 'กล้องโทรทัศน์วงจรปิด ', 'Axis P1354 (แบบจ)', NULL, 'ด้านขวาประตูเลื่อน รพ.', '172.16.0.118', 17, '1', '2024-05-28 08:19:42', '2024-05-28 08:19:42', '172.16.0.118', 0, 0, 0),
(72, '503-57-0392', 'กล้องโทรทัศน์วงจรปิด ', 'Axis P1354 (แบบจ)', NULL, 'มุมระเบียงดาดฟ้าตึก', '172.16.0.138', 19, '1', '2024-05-28 08:58:50', '2024-05-28 08:58:50', '172.16.0.138', 0, 0, 0),
(73, '503-57-0393', 'กล้องโทรทัศน์วงจรปิด ', 'Axis P1354 (แบบจ)', NULL, 'มุมตึกลานกว้างชั้นดาดฟ้า', '172.16.0.141', 19, '1', '2024-05-28 08:19:43', '2024-05-28 08:19:43', '172.16.0.141', 0, 0, 0),
(74, '503-57-0394', 'กล้องโทรทัศน์วงจรปิด ', 'Axis P1354 (แบบจ) ', NULL, 'ทางเดินที่เก็บน้ำ ชั้นดาดฟ้า', '172.16.0.142', 19, '1', '2024-05-28 08:19:43', '2024-05-28 08:19:43', '172.16.0.142', 0, 0, 0),
(75, '503-57-0396', 'กล้องโทรทัศน์วงจรปิด ', 'Axis M1144-L(แบบง) ', NULL, 'มุมตึกด้านหน้าห้องผู้ป่วยชาย', '172.16.0.106', 17, '1', '2024-05-28 08:19:43', '2024-05-28 08:19:43', '172.16.0.106', 0, 0, 0),
(76, '503-57-0397', 'กล้องโทรทัศน์วงจรปิด ', 'Axis M1144-L(แบบง) ', NULL, 'มุมทางเดินก่อนถึงกองสาธารณสุข', '172.16.0.107', 17, '1', '2024-05-28 08:19:43', '2024-05-28 08:19:43', '172.16.0.107', 0, 0, 0),
(77, '503-57-0398', 'กล้องโทรทัศน์วงจรปิด ', 'Axis M1144-L(แบบง)', NULL, 'ใต้บันไดทางขึ้นศูนย์ควบคุม CCTV', '172.16.0.111', 17, '1', '2024-05-28 08:19:43', '2024-05-28 08:19:43', '172.16.0.111', 0, 0, 0),
(78, '503-57-0399', 'กล้องโทรทัศน์วงจรปิด ', 'Axis M1144-L(แบบง)', NULL, 'หลังตึกตรงกลางทางเดินหน้าศูนย์ควบคุมCCTV', '172.16.0.112', 17, '1', '2024-05-28 09:22:50', '2024-05-28 09:22:50', '172.16.0.112', 0, 0, 0),
(79, '503-57-0400', 'กล้องโทรทัศน์วงจรปิด ', 'Axis M1144-L(แบบง)', NULL, 'ประตูห้องฉุกเฉินด้านนอก', '172.16.0.124', 17, '1', '2024-05-28 08:19:43', '2024-05-28 08:19:43', '172.16.0.124', 0, 0, 0),
(80, '503-57-0401', 'กล้องโทรทัศน์วงจรปิด ', 'Axis M1144-L(แบบง) ', NULL, 'ลานจอดรถฉุกเฉินนอกอาคาร', '172.16.0.126', 17, '1', '2024-05-28 08:19:43', '2024-05-28 08:19:43', '172.16.0.126', 0, 0, 0),
(81, '503-57-0402', 'กล้องโทรทัศน์วงจรปิด', 'Axis M3007-PV(แบบค)  ', NULL, 'ตรงกลางเก้าอี้ข้างหน้าห้องทะเบียน', '172.16.0.119', 2, '1', '2024-05-28 08:19:43', '2024-05-28 08:19:43', '172.16.0.119', 0, 0, 0),
(82, '503-57-0403', 'กล้องโทรทัศน์วงจรปิด', 'Axis M3007(แบบค) ', NULL, 'หน้าห้องผู้ป่วยวิกฤต (ICU) ชั้น 2', '172.16.0.130', 3, '1', '2024-05-28 08:19:43', '2024-05-28 08:19:43', '172.16.0.130', 0, 0, 0),
(83, '503-57-0404', 'กล้องโทรทัศน์วงจรปิด', 'Axis M3204 (แบบข) ', NULL, 'ด้านหลังเสา (ตู้ ATM) ตรงข้ามประตูลิฟท์ 1,2', '172.16.0.120', 2, '1', '2024-05-28 08:19:43', '2024-05-28 08:19:43', '172.16.0.120', 0, 0, 0),
(84, '503-57-0405', 'กล้องโทรทัศน์วงจรปิด', 'Axis M3204 (แบบข) ', NULL, 'ห้อง Server', '172.16.0.121', 4, '1', '2024-05-28 08:19:43', '2024-05-28 08:19:43', '172.16.0.121', 0, 0, 0),
(85, '503-57-0406', 'กล้องโทรทัศน์วงจรปิด', 'Axis M3204 (แบบข) ', NULL, 'ตึกโรงพยาบาล หน้าลิฟท์ 3,4', '172.16.0.123', 2, '1', '2024-05-28 08:19:43', '2024-05-28 08:19:43', '172.16.0.123', 0, 0, 0),
(86, '503-57-0407', 'กล้องโทรทัศน์วงจรปิด', 'Axis M3204 (แบบข) ', NULL, 'บริเวณตึกโรงพยาบาล ลิฟต์ 5-6', '172.16.0.125', 2, '1', '2024-05-28 08:19:43', '2024-05-28 08:19:43', '172.16.0.125', 0, 0, 0),
(87, '503-57-0408', 'กล้องโทรทัศน์วงจรปิด', 'Axis M3204 (แบบข) ', NULL, 'ชั้นใต้ดิน หน้าลิฟต์ 5,6', '172.16.0.127', 1, '1', '2024-05-28 08:19:43', '2024-05-28 08:19:43', '172.16.0.127', 0, 0, 0),
(88, '503-57-0409', 'กล้องโทรทัศน์วงจรปิด', 'Axis M3204 (แบบข) ', NULL, 'ชั้นใต้ดิน ทางออกห้องไร้กังวล ', '172.16.0.128', 1, '1', '2024-05-28 08:19:43', '2024-05-28 08:19:43', '172.16.0.128', 0, 0, 0),
(89, '503-57-0410', 'กล้องโทรทัศน์วงจรปิด', 'Axis M3204 (แบบข) ', NULL, 'ตึก รพ. หน้าลิฟต์ 5,6 ', '172.16.0.129', 3, '1', '2024-05-28 09:04:08', '2024-05-28 09:04:08', '172.16.0.129', 0, 0, 0),
(90, '503-57-0411', 'กล้องโทรทัศน์วงจรปิด', 'Axis M3204 (แบบข) ', NULL, 'ตึก รพ.หน้าลิฟต์ 5,6 ', '172.16.0.131', 4, '1', '2024-05-28 09:16:53', '2024-05-28 09:16:53', '172.16.0.131', 1, 5, 1),
(91, '503-57-0412', 'กล้องโทรทัศน์วงจรปิด', 'Axis M3204 (แบบข)', NULL, 'ตึก รพ.ทางเข้าหน้าห้องงานบริหาร ', '172.16.0.132', 4, '1', '2024-05-28 08:19:44', '2024-05-28 08:19:44', '172.16.0.132', 0, 0, 0),
(92, '503-57-0413', 'กล้องโทรทัศน์วงจรปิด ', 'Axis M3204 (แบบข) ', NULL, 'รพ. หน้าลิฟต์5,6', '172.16.0.133', 18, '1', '2024-05-28 08:19:44', '2024-05-28 08:19:44', '172.16.0.133', 0, 0, 0),
(93, '503-57-0414', 'กล้องโทรทัศน์วงจรปิด ', 'Axis M3204 (แบบข)  ', NULL, 'ตึก รพ. ทางหนีไฟ', '172.16.0.134', 18, '1', '2024-05-28 08:19:44', '2024-05-28 08:19:44', '172.16.0.134', 0, 0, 0),
(94, '503-57-0415', 'กล้องโทรทัศน์วงจรปิด ', 'Axis M3204 (แบบข)  ', NULL, 'เสาใกล้ประตูเข้า-ออก ห้องคลัง ชั้น 3.5 รพ.', '172.16.0.135', 18, '1', '2024-05-28 08:19:44', '2024-05-28 08:19:44', '172.16.0.135', 0, 0, 0),
(95, '503-57-0416', 'กล้องโทรทัศน์วงจรปิด ', 'Axis M3204 (แบบข) ', NULL, 'หน้าลิฟต์ 1,2 ', '172.16.0.136', 11, '1', '2024-05-28 08:19:44', '2024-05-28 08:19:44', '172.16.0.136', 0, 0, 0),
(96, '503-57-0417', 'กล้องโทรทัศน์วงจรปิด ', 'Axis M3204 (แบบข) ', NULL, 'ดาดฟ้า ทางออกนอกอาคารฝั่งลานจอดรถ', '172.16.0.137', 19, '1', '2024-05-28 08:19:44', '2024-05-28 08:19:44', '172.16.0.137', 0, 0, 0),
(97, '503-57-0418', 'กล้องโทรทัศน์วงจรปิด', 'Axis M3204 (แบบข) ', NULL, 'ชั้นดาดฟ้า ทางหนีไฟเล็ก ', '172.16.0.139', 19, '1', '2024-05-28 08:19:44', '2024-05-28 08:19:44', '172.16.0.139', 0, 0, 0),
(98, '503-57-0419', 'กล้องโทรทัศน์วงจรปิด ', 'Axis M3204 (แบบข) ', NULL, 'ดาดฟ้า มุมทางเดินหนีไฟ ', '172.16.0.140', 19, '1', '2024-05-28 08:19:44', '2024-05-28 08:19:44', '172.16.0.140', 0, 0, 0),
(99, '503-63-0665', 'กล้องโทรทัศน์วงจรปิด', 'AXIS P1365 Mk ll', NULL, 'ทางโค้งห้องฉุกเฉิน', '172.16.0.166', 17, '1', '2024-05-28 08:19:44', '2024-05-28 08:19:44', '172.16.0.166', 0, 0, 0),
(100, '503-63-0666', 'กล้องโทรทัศน์วงจรปิด', 'AXIS P1365 Mk ll', NULL, 'ลานจอดรถ หน้าเสาธง 1', '172.16.0.167', 17, '1', '2024-05-28 09:09:54', '2024-05-28 09:09:54', '172.16.0.167', 0, 0, 0),
(101, '503-63-0667', 'กล้องโทรทัศน์วงจรปิด', 'AXIS P1365 Mk ll', NULL, 'ลานจอดรถ หน้าเสาธง 2', '172.16.0.168', 17, '1', '2024-05-28 08:54:26', '2024-05-28 08:54:26', '172.16.0.168', 0, 0, 0),
(102, '503-63-0668', 'กล้องโทรทัศน์วงจรปิด', 'AXIS P1365 Mk ll', NULL, 'ทางโค้งขึ้นประชาสัมพันธ์', '172.16.0.169', 17, '1', '2024-05-28 08:19:44', '2024-05-28 08:19:44', '172.16.0.169', 0, 0, 0),
(103, '503-63-0669', 'กล้องโทรทัศน์วงจรปิด', 'AXIS P1365 Mk ll', NULL, 'ลานจอดรถจักรยานยนต์ ข้าง 7-11', '172.16.0.170', 17, '1', '2024-05-28 08:19:44', '2024-05-28 08:19:44', '172.16.0.170', 0, 0, 0),
(104, '503-63-0670', 'กล้องโทรทัศน์วงจรปิด', 'AXIS P1365 Mk ll', NULL, 'ลานจอดรถพนักงาน 1', '172.16.0.171', 17, '1', '2024-05-28 08:19:45', '2024-05-28 08:19:45', '172.16.0.171', 0, 0, 0),
(105, '503-63-0671', 'กล้องโทรทัศน์วงจรปิด', 'AXIS P1365 Mk ll', NULL, 'ด้านหลังห้องน้ำ,หลังห้องCheck-up', '172.16.0.172', 17, '1', '2024-05-28 08:19:45', '2024-05-28 08:19:45', '172.16.0.172', 0, 0, 0),
(106, '503-63-0672', 'กล้องโทรทัศน์วงจรปิด', 'AXIS P1365 Mk ll', NULL, 'ลานจอดรถพนักงาน 2', '172.16.0.173', 17, '1', '2024-05-28 08:19:45', '2024-05-28 08:19:45', '172.16.0.173', 0, 0, 0),
(107, '503-63-0673', 'กล้องโทรทัศน์วงจรปิด', 'AXIS P1365 Mk ll', NULL, 'ลานจอดรถพนักงาน 3', '172.16.0.174', 17, '1', '2024-05-28 08:19:45', '2024-05-28 08:19:45', '172.16.0.174', 0, 0, 0),
(108, '503-63-0674', 'กล้องโทรทัศน์วงจรปิด', 'AXIS P1365 Mk ll', NULL, 'ลานจอดรถพนักงาน 4', '172.16.0.175', 17, '1', '2024-05-28 08:19:45', '2024-05-28 08:19:45', '172.16.0.175', 0, 0, 0),
(109, '503-63-0675', 'กล้องโทรทัศน์วงจรปิด', 'AXIS P1365 Mk ll', NULL, 'ลานจอดรถศาลาด้านหน้า รพ. (ตรงวงเวียน)', '172.16.0.176', 17, '1', '2024-05-28 08:19:45', '2024-05-28 08:19:45', '172.16.0.176', 0, 0, 0),
(110, '503-63-0676', 'กล้องโทรทัศน์วงจรปิด', 'AXIS P1365 Mk ll', NULL, 'ลานจอดรถศาลาด้านหน้า รพ.(มุมกำแพง)', '172.16.0.177', 17, '1', '2024-05-28 08:19:45', '2024-05-28 08:19:45', '172.16.0.177', 0, 0, 0),
(111, '503-63-0677', 'กล้องโทรทัศน์วงจรปิด', 'AXIS Q1647', NULL, 'ป้อมยามบันทึกป้ายทะเบียนรถหน้า รพ.', '172.16.0.178', 17, '1', '2024-05-28 09:22:52', '2024-05-28 09:22:52', '172.16.0.178', 0, 0, 0),
(112, '503-63-0678', 'กล้องโทรทัศน์วงจรปิด', 'AXIS P1365 Mk ll', NULL, 'ป้อมยามบันทึกบัตรประชาชน', '172.16.0.179', 17, '1', '2024-05-28 08:19:45', '2024-05-28 08:19:45', '172.16.0.179', 0, 0, 0),
(113, '530-63-0613', 'กล้องโทรทัศน์วงจรปิด', 'AXIS P3225-LV MkII', NULL, 'ห้องคลังยา 1', '172.16.0.180', 1, '1', '2024-05-28 09:11:02', '2024-05-28 09:11:02', '172.16.0.180', 0, 0, 0),
(114, '530-63-0614', 'กล้องโทรทัศน์วงจรปิด', 'AXIS P3225-LV MkII', NULL, 'ห้องคลังยา 2', '172.16.0.181', 1, '1', '2024-05-28 08:19:45', '2024-05-28 08:19:45', '172.16.0.181', 0, 0, 0),
(115, '530-63-0615', 'กล้องโทรทัศน์วงจรปิด', 'AXIS P3225-LV MkII', NULL, 'ห้องคลังยา 3', '172.16.0.182', 1, '1', '2024-05-28 08:19:45', '2024-05-28 08:19:45', '172.16.0.182', 0, 0, 0),
(116, '530-63-0616', 'กล้องโทรทัศน์วงจรปิด', 'AXIS P3225-LV MkII', NULL, 'ห้องคลังยา 4', '172.16.0.183', 1, '1', '2024-05-28 08:19:45', '2024-05-28 08:19:45', '172.16.0.183', 0, 0, 0),
(117, '530-63-0617', 'กล้องโทรทัศน์วงจรปิด', 'AXIS P3225-LV MkII', NULL, 'ห้องคลังยา 5', '172.16.0.184', 1, '1', '2024-05-28 08:19:45', '2024-05-28 08:19:45', '172.16.0.184', 0, 0, 0),
(118, '530-63-0618', 'กล้องโทรทัศน์วงจรปิด', 'AXIS P3225-LV MkII', NULL, 'ห้องคลังยา 6', '172.16.0.185', 1, '1', '2024-05-28 08:19:45', '2024-05-28 08:19:45', '172.16.0.185', 0, 0, 0),
(119, '530-63-0620', 'กล้องโทรทัศน์วงจรปิด', 'AXIS P3225-LV MkII', NULL, 'ห้องควบคุมปั้ม', '172.16.0.187', 1, '1', '2024-05-28 08:19:45', '2024-05-28 08:19:45', '172.16.0.187', 0, 0, 0),
(120, '530-63-0621', 'กล้องโทรทัศน์วงจรปิด', 'AXIS P3225-LV MkII', NULL, 'ห้องควบคุมไฟ', '172.16.0.188', 1, '1', '2024-05-28 09:04:09', '2024-05-28 09:04:09', '172.16.0.188', 0, 0, 0),
(121, '530-63-0622', 'กล้องโทรทัศน์วงจรปิด', 'AXIS P3225-LV MkII', NULL, 'ห้องซักรีด 1', '172.16.0.189', 1, '1', '2024-05-28 08:19:45', '2024-05-28 08:19:45', '172.16.0.189', 0, 0, 0),
(122, '530-63-0623', 'กล้องโทรทัศน์วงจรปิด', 'AXIS P3225-LV MkII', NULL, 'ห้องซักรีด 2', '172.16.0.190', 1, '1', '2024-05-28 08:19:45', '2024-05-28 08:19:45', '172.16.0.190', 0, 0, 0),
(123, '503-63-0633', 'กล้องโทรทัศน์วงจรปิด', 'AXIS P3225-LV MkII', NULL, 'ตึกโรงพยาบาล ข้างสนามเด็กเล่น', '172.16.0.200', 2, '1', '2024-05-28 08:19:45', '2024-05-28 08:19:45', '172.16.0.200', 0, 0, 0),
(124, '530-63-0624', 'กล้องโทรทัศน์วงจรปิด', 'AXIS P3225-LV MkII', NULL, 'ห้องการเงินผู้ป่วยนอก', '172.16.0.191', 2, '1', '2024-05-28 08:19:45', '2024-05-28 08:19:45', '172.16.0.191', 0, 0, 0),
(125, '530-63-0625', 'กล้องโทรทัศน์วงจรปิด', 'AXIS P3225-LV MkII', NULL, 'หน้าห้อง GUARD ROOM', '172.16.0.192', 2, '1', '2024-05-28 08:19:46', '2024-05-28 08:19:46', '172.16.0.192', 0, 0, 0),
(126, '530-63-0626', 'กล้องโทรทัศน์วงจรปิด', 'AXIS P3225-LV MkII', NULL, 'หลังห้องจ่ายยาไปยังห้องฉุกเฉิน', '172.16.0.193', 2, '1', '2024-05-28 08:19:46', '2024-05-28 08:19:46', '172.16.0.193', 0, 0, 0),
(127, '530-63-0619', 'กล้องโทรทัศน์วงจรปิด', 'AXIS P3225-LV MkII', NULL, 'ห้องฉุกเฉิน', '172.16.0.186', 2, '1', '2024-05-28 08:19:46', '2024-05-28 08:19:46', '172.16.0.186', 0, 0, 0),
(128, '530-63-0637', 'กล้องโทรทัศน์วงจรปิด', 'AXIS P3225-LV MkII', NULL, 'ห้องจ่ายยาผู้ป่วยนอก', '172.16.0.204', 2, '1', '2024-05-28 08:19:46', '2024-05-28 08:19:46', '172.16.0.204', 0, 0, 0),
(129, '530-63-0627', 'กล้องโทรทัศน์วงจรปิด', 'AXIS P3225-LV MkII', NULL, 'หน้าห้องพักฟื้น', '172.16.0.194', 3, '1', '2024-05-28 08:19:46', '2024-05-28 08:19:46', '172.16.0.194', 0, 0, 0),
(130, '530-63-0628', 'กล้องโทรทัศน์วงจรปิด', 'AXIS P3225-LV MkII', NULL, 'ทางเดินหน้าCSSDไปหลังห้องผ่าตัด', '172.16.0.195', 3, '1', '2024-05-28 08:19:46', '2024-05-28 08:19:46', '172.16.0.195', 0, 0, 0),
(131, '530-63-0629', 'กล้องโทรทัศน์วงจรปิด', 'AXIS P3225-LV MkII', NULL, 'ทางเดินหน้าCSSDไปหลังห้องผ่าตัด 2', '172.16.0.196', 3, '1', '2024-05-28 08:56:45', '2024-05-28 08:56:45', '172.16.0.196', 0, 0, 0),
(132, '530-63-0630', 'กล้องโทรทัศน์วงจรปิด', 'AXIS P3225-LV MkII', NULL, 'ทางเดินหน้าCSSDไปหลังห้องผ่าตัด 3', '172.16.0.197', 3, '1', '2024-05-28 08:19:46', '2024-05-28 08:19:46', '172.16.0.197', 0, 0, 0),
(133, '530-63-0631', 'กล้องโทรทัศน์วงจรปิด', 'AXIS P3225-LV MkII', NULL, 'ทางเดินด้านหลังห้องไตเทียม', '172.16.0.198', 3, '1', '2024-05-28 09:10:28', '2024-05-28 09:10:28', '172.16.0.198', 0, 0, 0),
(134, '530-63-0632', 'กล้องโทรทัศน์วงจรปิด', 'AXIS P3225-LV MkII', NULL, 'หน้าห้อง LAB', '172.16.0.199', 3, '1', '2024-05-28 08:19:46', '2024-05-28 08:19:46', '172.16.0.199', 0, 0, 0),
(135, '530-63-0634', 'กล้องโทรทัศน์วงจรปิด', 'AXIS P3225-LV MkII', NULL, 'การเงินผู้ป่วยใน', '172.16.0.201', 4, '1', '2024-05-28 08:19:46', '2024-05-28 08:19:46', '172.16.0.201', 0, 0, 0),
(136, '530-63-0635', 'กล้องโทรทัศน์วงจรปิด', 'AXIS P3225-LV MkII', NULL, 'ห้องคลังพัสดุ 1', '172.16.0.202', 18, '1', '2024-05-28 08:19:46', '2024-05-28 08:19:46', '172.16.0.202', 0, 0, 0),
(137, '530-63-0636', 'กล้องโทรทัศน์วงจรปิด', 'AXIS P3225-LV MkII', NULL, 'ห้องคลังพัสดุ 2', '172.16.0.203', 18, '1', '2024-05-28 08:19:46', '2024-05-28 08:19:46', '172.16.0.203', 0, 0, 0),
(138, '530-63-0638', 'กล้องโทรทัศน์วงจรปิด', 'AXIS P3225-LV MkII', NULL, 'ทางเดินหน้าประตูฉุกเฉิน', '172.16.0.205', 18, '1', '2024-05-28 08:19:46', '2024-05-28 08:19:46', '172.16.0.205', 0, 0, 0),
(139, '530-63-0639', 'กล้องโทรทัศน์วงจรปิด', 'AXIS P3225-LV MkII', NULL, 'ห้องคลังเวชภัณฑ์ 1', '172.16.0.206', 18, '1', '2024-05-28 08:19:46', '2024-05-28 08:19:46', '172.16.0.206', 0, 0, 0),
(140, '530-63-0640', 'กล้องโทรทัศน์วงจรปิด', 'AXIS P3225-LV MkII', NULL, 'ห้องคลังเวชภัณฑ์ 2', '172.16.0.207', 18, '1', '2024-05-28 09:15:50', '2024-05-28 09:15:50', '172.16.0.207', 0, 0, 0),
(141, '530-63-0641', 'กล้องโทรทัศน์วงจรปิด', 'AXIS P3225-LV MkII', NULL, 'ห้องคลังเวชภัณฑ์ 3', '172.16.0.208', 18, '1', '2024-05-28 08:19:46', '2024-05-28 08:19:46', '172.16.0.208', 0, 0, 0),
(142, '530-63-0642', 'กล้องโทรทัศน์วงจรปิด', 'AXIS P3225-LV MkII', NULL, 'หน้าห้องคลังพัสดุ', '172.16.0.209', 18, '1', '2024-05-28 08:19:46', '2024-05-28 08:19:46', '172.16.0.209', 0, 0, 0),
(143, '530-63-0643', 'กล้องโทรทัศน์วงจรปิด', 'AXIS P3225-LV MkII', NULL, 'เคาท์เตอร์พยาบาล WARD 4', '172.16.0.210', 5, '1', '2024-05-28 08:19:46', '2024-05-28 08:19:46', '172.16.0.210', 0, 0, 0),
(144, '530-63-0644', 'กล้องโทรทัศน์วงจรปิด', 'AXIS P3225-LV MkII', NULL, 'ทางออกระเบียงลิฟต์ 5-6 ชั้น4', '172.16.0.211', 5, '1', '2024-05-28 09:10:13', '2024-05-28 09:10:13', '172.16.0.211', 0, 0, 0),
(145, '530-63-0645', 'กล้องโทรทัศน์วงจรปิด', 'AXIS P3225-LV MkII', NULL, 'ทางเดินประตูหนีไฟเล็ก', '172.16.0.212', 5, '1', '2024-05-28 08:19:46', '2024-05-28 08:19:46', '172.16.0.212', 0, 0, 0),
(146, '530-63-0646', 'กล้องโทรทัศน์วงจรปิด', 'AXIS P3225-LV MkII', NULL, 'หน้าลิฟท์ 1-2 ชั้น 4', '172.16.0.213', 5, '1', '2024-05-28 08:19:47', '2024-05-28 08:19:47', '172.16.0.213', 0, 0, 0),
(147, '530-63-0647', 'กล้องโทรทัศน์วงจรปิด', 'AXIS P3225-LV MkII', NULL, 'ทางออกระเบียงลิฟต์ 3-4 ชั้น4', '172.16.0.214', 5, '1', '2024-05-28 08:19:47', '2024-05-28 08:19:47', '172.16.0.214', 0, 0, 0),
(148, '530-63-0648', 'กล้องโทรทัศน์วงจรปิด', 'AXIS P3225-LV MkII', NULL, 'ทางเดินหน้าห้อง 405', '172.16.0.215', 5, '1', '2024-05-28 08:19:47', '2024-05-28 08:19:47', '172.16.0.215', 0, 0, 0),
(149, '530-63-0649', 'กล้องโทรทัศน์วงจรปิด', 'AXIS P3225-LV MkII', NULL, 'ทางเดินหน้าห้อง 528', '172.16.0.216', 6, '1', '2024-05-28 08:23:25', '2024-05-28 08:23:25', '172.16.0.216', 1, 5, 1),
(150, '530-63-0650', 'กล้องโทรทัศน์วงจรปิด', 'AXIS P3225-LV MkII', NULL, 'ทางออกระเบียงลิฟต์ 5-6 ชั้น 5', '172.16.0.217', 6, '1', '2024-05-28 08:23:25', '2024-05-28 08:23:25', '172.16.0.217', 1, 5, 1),
(151, '530-63-0651', 'กล้องโทรทัศน์วงจรปิด', 'AXIS P3225-LV MkII', NULL, 'ทางเดินหน้าห้อง 523', '172.16.0.218', 6, '1', '2024-05-28 08:23:26', '2024-05-28 08:23:26', '172.16.0.218', 1, 5, 1),
(152, '530-63-0652', 'กล้องโทรทัศน์วงจรปิด', 'AXIS P3225-LV MkII', NULL, 'ทางเดินหน้าห้อง 528', '172.16.0.219', 6, '1', '2024-05-28 08:23:26', '2024-05-28 08:23:26', '172.16.0.219', 1, 5, 1),
(153, '530-63-0653', 'กล้องโทรทัศน์วงจรปิด', 'AXIS P3225-LV MkII', NULL, 'เคาท์เตอร์พยาบาล WARD 5', '172.16.0.220', 6, '1', '2024-05-28 08:23:27', '2024-05-28 08:23:27', '172.16.0.220', 1, 5, 1),
(154, '530-63-0654', 'กล้องโทรทัศน์วงจรปิด', 'AXIS P3225-LV MkII', NULL, 'ทางเดินหน้าห้อง 628', '172.16.0.221', 7, '1', '2024-05-28 08:23:27', '2024-05-28 08:23:27', '172.16.0.221', 1, 5, 1),
(155, '530-63-0655', 'กล้องโทรทัศน์วงจรปิด', 'AXIS P3225-LV MkII', NULL, 'ทางออกระเบียงลิฟต์ 5-6 ชั้น 6', '172.16.0.222', 7, '1', '2024-05-28 08:23:28', '2024-05-28 08:23:28', '172.16.0.222', 1, 5, 1),
(156, '530-63-0656', 'กล้องโทรทัศน์วงจรปิด', 'AXIS P3225-LV MkII', NULL, 'ทางเดินหน้าห้อง 623', '172.16.0.223', 7, '1', '2024-05-28 08:23:28', '2024-05-28 08:23:28', '172.16.0.223', 1, 5, 1),
(157, '530-63-0657', 'กล้องโทรทัศน์วงจรปิด', 'AXIS P3225-LV MkII', NULL, 'หน้าห้องศูนย์คุณภาพ', '172.16.0.224', 7, '1', '2024-05-28 08:23:29', '2024-05-28 08:23:29', '172.16.0.224', 1, 5, 1),
(158, '530-63-0658', 'กล้องโทรทัศน์วงจรปิด', 'AXIS P3225-LV MkII', NULL, 'เคาท์เตอร์พยาบาล WARD 6', '172.16.0.225', 7, '1', '2024-05-28 08:23:29', '2024-05-28 08:23:29', '172.16.0.225', 1, 5, 1),
(159, '530-63-0659', 'กล้องโทรทัศน์วงจรปิด', 'AXIS P3225-LV MkII', NULL, 'หน้าลิฟต์ 5-6 ชั้น 7', '172.16.0.226', 8, '1', '2024-05-28 08:23:30', '2024-05-28 08:23:30', '172.16.0.226', 1, 5, 1),
(160, '530-63-0660', 'กล้องโทรทัศน์วงจรปิด', 'AXIS P3225-LV MkII', NULL, 'ทางออกระเบียงลิฟต์ 5-6 ชั้น 7', '172.16.0.227', 8, '1', '2024-05-28 08:23:30', '2024-05-28 08:23:30', '172.16.0.227', 1, 5, 1),
(161, '530-63-0661', 'กล้องโทรทัศน์วงจรปิด', 'AXIS P3225-LV MkII', NULL, 'ทางเดินหน้าห้อง 723', '172.16.0.228', 8, '1', '2024-05-28 08:23:31', '2024-05-28 08:23:31', '172.16.0.228', 1, 5, 1),
(162, '530-63-0662', 'กล้องโทรทัศน์วงจรปิด', 'AXIS P3225-LV MkII', NULL, 'ทางเดินหน้าห้อง 728', '172.16.0.229', 8, '1', '2024-05-28 08:23:31', '2024-05-28 08:23:31', '172.16.0.229', 1, 5, 1),
(163, '530-63-0663', 'กล้องโทรทัศน์วงจรปิด', 'AXIS P3225-LV MkII', NULL, 'เคาท์เตอร์พยาบาล WARD 7', '172.16.0.230', 8, '1', '2024-05-28 08:23:32', '2024-05-28 08:23:32', '172.16.0.230', 1, 5, 1),
(164, '530-63-0664', 'กล้องโทรทัศน์วงจรปิด', 'AXIS P3225-LV MkII', NULL, 'ทางเดินหน้าห้อง 707', '172.16.0.231', 8, '1', '2024-05-28 09:11:15', '2024-05-28 09:11:15', '172.16.0.231', 1, 5, 1),
(165, '503-63-0712', 'กล้องโทรทัศน์วงจรปิด ', 'Axis M1135-E', NULL, 'มุมตึกหน้าห้องผู้ป่วยหญิงด้านซ้าย', '172.16.0.105', 17, '3', '2024-05-28 08:19:54', '2024-05-28 08:19:54', '172.16.0.105', 0, 0, 0);

-- --------------------------------------------------------

--
-- Table structure for table `floor`
--

CREATE TABLE `floor` (
  `floor_id` int(3) NOT NULL,
  `floor_name` varchar(50) NOT NULL,
  `floor_status` int(3) NOT NULL,
  `order` int(3) NOT NULL,
  `date_created` timestamp NOT NULL DEFAULT current_timestamp(),
  `date_updated` timestamp NOT NULL DEFAULT current_timestamp() ON UPDATE current_timestamp()
) ENGINE=InnoDB DEFAULT CHARSET=utf8mb4 COLLATE=utf8mb4_general_ci;

--
-- Dumping data for table `floor`
--

INSERT INTO `floor` (`floor_id`, `floor_name`, `floor_status`, `order`, `date_created`, `date_updated`) VALUES
(1, 'รพ. ชั้น B', 1, 1, '2024-03-28 09:09:35', '2024-05-28 06:42:06'),
(2, 'รพ. ชั้น G', 1, 2, '2024-03-28 09:09:49', '2024-05-28 06:42:09'),
(3, 'รพ. ชั้น 2', 1, 3, '2024-04-02 09:06:39', '2024-05-28 06:42:10'),
(4, 'รพ. ชั้น 3', 1, 4, '2024-05-28 03:33:16', '2024-05-28 06:42:13'),
(5, 'รพ. ชั้น 4', 1, 6, '2024-05-28 03:33:20', '2024-05-28 06:42:24'),
(6, 'รพ. ชั้น 5', 1, 7, '2024-05-28 03:33:24', '2024-05-28 06:42:26'),
(7, 'รพ. ชั้น 6', 1, 8, '2024-05-28 03:33:24', '2024-05-28 06:42:27'),
(8, 'รพ. ชั้น 7', 1, 9, '2024-05-28 03:33:33', '2024-05-28 06:42:30'),
(9, 'รพ. ชั้น 8', 1, 10, '2024-05-28 03:33:33', '2024-05-28 06:42:31'),
(10, 'รพ. ชั้น 9', 1, 11, '2024-05-28 03:34:04', '2024-05-28 06:42:33'),
(11, 'รพ. ชั้น 10', 1, 12, '2024-05-28 03:34:04', '2024-05-28 06:42:35'),
(12, '5 ชั้น ชั้น 1', 1, 14, '2024-05-28 03:35:24', '2024-05-28 06:42:44'),
(13, '5 ชั้น ชั้น 2', 1, 15, '2024-05-28 03:35:24', '2024-05-28 06:42:45'),
(14, '5 ชั้น ชั้น 3', 1, 16, '2024-05-28 03:35:47', '2024-05-28 06:42:47'),
(15, '5 ชั้น ชั้น 4', 1, 17, '2024-05-28 03:35:47', '2024-05-28 06:42:48'),
(16, '5 ชั้น ชั้น 5', 1, 18, '2024-05-28 03:35:52', '2024-05-28 06:42:50'),
(17, 'นอกอาคาร', 1, 19, '2024-05-28 03:36:55', '2024-05-28 06:42:52'),
(18, 'รพ. ชั้น 3.5', 1, 5, '2024-05-28 03:38:02', '2024-05-28 06:42:16'),
(19, 'รพ. ชั้น ดาดฟ้า', 1, 13, '2024-05-28 03:39:12', '2024-05-28 06:42:40');

-- --------------------------------------------------------

--
-- Table structure for table `status`
--

CREATE TABLE `status` (
  `status_id` int(3) NOT NULL,
  `status_name` varchar(50) NOT NULL,
  `date_created` timestamp NOT NULL DEFAULT current_timestamp(),
  `date_updated` timestamp NOT NULL DEFAULT current_timestamp() ON UPDATE current_timestamp()
) ENGINE=InnoDB DEFAULT CHARSET=utf8mb4 COLLATE=utf8mb4_general_ci;

--
-- Dumping data for table `status`
--

INSERT INTO `status` (`status_id`, `status_name`, `date_created`, `date_updated`) VALUES
(1, 'ใช้งาน', '2024-03-28 09:08:59', '2024-03-28 09:08:59'),
(2, 'ยกเลิกการเชื่อมต่อ', '2024-03-28 09:09:15', '2024-05-28 03:41:23'),
(3, 'แทงจำหน่าย', '2024-03-28 09:09:23', '2024-03-28 09:09:23'),
(4, 'เสียรอแทงจำหน่าย', '2024-05-28 03:41:35', '2024-05-28 03:41:35');

-- --------------------------------------------------------

--
-- Table structure for table `user`
--

CREATE TABLE `user` (
  `user_id` int(11) NOT NULL,
  `user_name` varchar(20) NOT NULL,
  `name` varchar(50) NOT NULL,
  `password` varchar(50) NOT NULL,
  `status` int(3) NOT NULL,
  `date_created` timestamp NOT NULL DEFAULT current_timestamp() ON UPDATE current_timestamp(),
  `date_updated` timestamp NOT NULL DEFAULT current_timestamp() ON UPDATE current_timestamp()
) ENGINE=InnoDB DEFAULT CHARSET=utf8mb4 COLLATE=utf8mb4_general_ci;

--
-- Dumping data for table `user`
--

INSERT INTO `user` (`user_id`, `user_name`, `name`, `password`, `status`, `date_created`, `date_updated`) VALUES
(1, 'slowbs', 'slowbs', '1596321', 1, '2024-04-18 06:45:42', '2024-04-18 06:59:44'),
(2, 'sdf', 'sdf', 'sdf', 1, '2024-04-18 01:56:18', '2024-04-18 06:59:36'),
(3, 'wer', 'wer', 'wer', 0, '0000-00-00 00:00:00', '2024-04-18 07:36:16'),
(4, 'ttt', 'ttt', 'ttt', 1, '2024-04-18 07:39:29', '2024-04-18 07:39:29'),
(5, 'wer', 'หกแกหด', 'twr', 0, '2024-04-18 07:40:15', '2024-04-18 07:40:15'),
(6, 'werwe', 'wersdf', 'sd', 0, '2024-04-18 07:53:02', '2024-04-18 07:53:02');

--
-- Indexes for dumped tables
--

--
-- Indexes for table `cctv`
--
ALTER TABLE `cctv`
  ADD PRIMARY KEY (`id`);

--
-- Indexes for table `floor`
--
ALTER TABLE `floor`
  ADD PRIMARY KEY (`floor_id`);

--
-- Indexes for table `status`
--
ALTER TABLE `status`
  ADD PRIMARY KEY (`status_id`);

--
-- Indexes for table `user`
--
ALTER TABLE `user`
  ADD PRIMARY KEY (`user_id`);

--
-- AUTO_INCREMENT for dumped tables
--

--
-- AUTO_INCREMENT for table `cctv`
--
ALTER TABLE `cctv`
  MODIFY `id` int(11) NOT NULL AUTO_INCREMENT, AUTO_INCREMENT=166;

--
-- AUTO_INCREMENT for table `floor`
--
ALTER TABLE `floor`
  MODIFY `floor_id` int(3) NOT NULL AUTO_INCREMENT, AUTO_INCREMENT=20;

--
-- AUTO_INCREMENT for table `status`
--
ALTER TABLE `status`
  MODIFY `status_id` int(3) NOT NULL AUTO_INCREMENT, AUTO_INCREMENT=5;

--
-- AUTO_INCREMENT for table `user`
--
ALTER TABLE `user`
  MODIFY `user_id` int(11) NOT NULL AUTO_INCREMENT, AUTO_INCREMENT=7;
COMMIT;

/*!40101 SET CHARACTER_SET_CLIENT=@OLD_CHARACTER_SET_CLIENT */;
/*!40101 SET CHARACTER_SET_RESULTS=@OLD_CHARACTER_SET_RESULTS */;
/*!40101 SET COLLATION_CONNECTION=@OLD_COLLATION_CONNECTION */;
